id;nombre;apellido;dni;domicilio;telefono;email
1;Avon Home Loan Account Grocery;end-to-end Interactions synthesize;IB;Bedfordshire cross-platform Egyptian Pound;Kentucky Jewelery;Rusty76@hotmail.com
2;methodologies program Handcrafted;Refined online hack;Manager RSS;Assurance;Developer Data;Nichole_Maggio@gmail.com
3;parsing;Team-oriented digital Assistant;mobile Swedish Krona;USB;cross-media Valley hack;Taurean_Roob92@yahoo.com
4;Philippine Peso Generic;Bridge portals;sensor executive;Computers lime Associate;indexing;Cristobal10@yahoo.com
5;digital;THX conglomeration;Face to face navigate;Tools invoice Sleek Frozen Tuna;Cambridgeshire payment embrace;Bernadine.Lesch5@gmail.com
6;Falkland Islands Pound Wyoming Personal Loan Account;Fully-configurable;Yemeni Rial navigate Producer;Pine Producer Liaison;Niue metrics leverage;Kirk_Barrows@gmail.com
7;Home Loan Account;Plastic web-readiness Avon;empower;Bedfordshire Up-sized back-end;navigate hacking;Maya9@gmail.com
8;extend;Computers;Incredible;indigo;Cambridgeshire Jewelery;Ada_Adams54@yahoo.com
9;Beauty program streamline;Assistant Grocery user-centric;backing up systems;Engineer;Fantastic Rubber Shoes maroon;Elizabeth99@gmail.com
10;disintermediate;navigating;Tasty Plastic Mouse connecting connecting;Applications;quantifying withdrawal Mouse;Hayley.Wisoky20@gmail.com
