id;nombre;apellido;dni;domicilio;telefono;titulo
1;cross-platform programming pink;Unbranded;TCP West Virginia;Associate Salad Gorgeous;Ohio Fantastic Steel Ball bus;wireless Kentucky
2;Ouguiya;Buckinghamshire tan UAE Dirham;Ouguiya Product;Credit Card Account Bedfordshire;Configurable invoice SSL;Shoes global
3;Baht Digitized;Savings Account bandwidth-monitored;Virginia;auxiliary;Car Practical Rubber Sausages cross-platform;Personal Loan Account Berkshire leading edge
4;Auto Loan Account Tasty;haptic flexibility benchmark;Somoni;Borders;Pants Refined Plastic Shirt;Computer
5;Optimized Unbranded plum;salmon;Practical transmit;Branding;Identity auxiliary Hollow;upward-trending Bypass Somalia
6;Orchestrator Refined Concrete Fish;Naira Cross-group;connect Chips;calculate;deposit Reactive;Trail Electronics
7;Square system-worthy;Plastic Oregon New York;Legacy array;out-of-the-box calculate;Steel North Carolina;Mouse International 24/365
8;Nebraska back up;mindshare;directional;Intelligent Multi-lateral eyeballs;Investment Account;THX
9;envisioneer;Democratic People's Republic of Korea;Fantastic eyeballs 24/365;Concrete;Usability;invoice Credit Card Account Texas
10;capacity systems Chips;Handcrafted Cotton Ball;Buckinghamshire;incremental cross-platform process improvement;generate Industrial Car;Industrial Practical Concrete Sausages eyeballs
